{ // content of file External_something
  "Area": {
    "coord": [ // coordinate in clockwise
      [ 487.80487805, -798.47909066 ],
      [ 9287.80487805, -798.47909066 ],
      [ 9287.80487805, -8193.91635305 ],
      [ 487.80487805, -8193.91635305 ]
    ],
    // info to build the entire scenario
    "cols": 30,
    "rows": 30,
    "obstacle": [ 15, 15 ]
  },
  // content of file Scenario_5G_1T...
  "Agents": [
    [
      {
        "coord": [ 2099.51, -4040.87, 0.0 ],
        "sensors": [ 1966.0652804, 408.887040, 0.0, 3.14159 ]
      }
    ],
    [
      {
        "coord": [ 3366.83, -2960.08, 0.0 ],
        "sensors": [ 1966.0652804, 408.887040, 0.0, 3.14159 ]
      }
    ],
    [
      {
        "coord": [ 4634.15, -7283.27, 0.0 ],
        "sensors": [ 1966.0652804, 408.887040, 0.0, 3.14159 ]
      }
    ],
    [
      {
        "coord": [ 5901.46, -4401.14, 0.0 ],
        "sensors": [ 1966.0652804, 408.887040, 0.0, 3.14159 ]
      }
    ],
    [
      {
        "coord": [ 2521.95, -1158.75, 0.0 ],
        "sensors": [ 1966.0652804, 408.887040, 0.0, 3.14159 ]
      }
    ]
  ],

  "Thieves": {
    "n_thieves": 1,
    "coord": [
      [ 7278.05, -2623.57, 0.0 ]
    ]
  },

  "Sinks": {
    "n_sinks": 0,
    "coord": [ ]
  },

  "NeutralAgents": {
    "n_neutralAgents": 0,
    "coord": [ ]
  },

  // configuration set
  "Configuration": {
    "Monitor": [ 1, 2, 3, 4, 5, 6, 7, 8, 9, 10 ],
    "Jump": 1,
    "Epsilon": 0.1,
    "Print": 5000,
    "Period": 1,
    "TestCase": 50
  }

}
