{
  "Area": {
    "Area_name": "Open_Sea",
    "height": 3666.0,
    "length": 3666.0,
    "cols": 44,
    "rows": 44,
    "ship": {
      "coord": [ 22, 22 ],
      "dim_col": 4,
      "dim_row": 4
    }
  },

  "Agents": {
    "coord": [
      [ 2000.00, 100.00, 0.0 ],
      [ 1500.00, 100.00, 0.0 ],
      [ 1900.00, 1900.00, 0.0 ],
      [ 200.00, 1900.00, 0.0 ],
      [ 190.00, 1200.00, 0.0 ],
      [ 40.00, 500.00, 0.0 ],
      [ 1900.00, 300.00, 0.0 ],
      [ 300.00, 1500.00, 0.0 ],
      [ 1900.00, 190.00, 0.0 ],
      [ 900, 110.00, 0.0 ],
      [ 250.00, 100.00, 0.0 ],
      [ 1800.00, 100.00, 0.0 ],
      [ 2000.00, 1900.00, 0.0 ],
      [ 290.00, 1900.00, 0.0 ],
      [ 120.00, 1200.00, 0.0 ],
      [ 129.00, 210.00, 0.0 ],
      [ 1850.00, 300.00, 0.0 ],
      [ 450.00, 1980.00, 0.0 ],
      [ 1900.00, 1000.00, 0.0 ],
      [ 10, 10.00, 0.0 ]
    ],
    "sensors": [
      [ 584.33334, 83.33334, 3.14, 1.57 ],
      [ 584.33334, 83.33334, 3.14, 1.57 ],
      [ 584.33334, 83.33334, 3.14, 1.57 ],
      [ 584.33334, 83.33334, 3.14, 1.57 ],
      [ 584.33334, 83.33334, 3.14, 1.57 ],
      [ 584.33334, 83.33334, 3.14, 1.57 ],
      [ 584.33334, 83.33334, 3.14, 1.57 ],
      [ 584.33334, 83.33334, 3.14, 1.57 ],
      [ 584.33334, 83.33334, 3.14, 1.57 ],
      [ 584.33334, 83.33334, 3.14, 1.57 ],
      [ 584.33334, 83.33334, 3.14, 1.57 ],
      [ 584.33334, 83.33334, 3.14, 1.57 ],
      [ 584.33334, 83.33334, 3.14, 1.57 ],
      [ 584.33334, 83.33334, 3.14, 1.57 ],
      [ 584.33334, 83.33334, 3.14, 1.57 ],
      [ 584.33334, 83.33334, 3.14, 1.57 ],
      [ 584.33334, 83.33334, 3.14, 1.57 ],
      [ 584.33334, 83.33334, 3.14, 1.57 ],
      [ 584.33334, 83.33334, 3.14, 1.57 ],
      [ 584.33334, 83.33334, 3.14, 1.57 ]
    ]
	},


  "Thieves": {
    "n_thieves": 1,
    "coord": [
      [ 2000.0, 2000.0, 0.0 ]
    ]
  },

  "Sinks": {
    "n_sinks": 0,
    "coord": [ ]
  },

  "NeutralAgents": {
    "coord": [ ],
    "sensors": [ ]
  },

  "Configuration": {
    "Monitor": [ 1, 4, 7, 10 ],
    "Jump": [ 1 ],
    "Epsilon": [ 0.1 ],
    "Print": [ 1000 ],
    "Period": [ 1 ],
    "TestCase": 25,
    "BatchSimulations": 1,
    "AlgorithmType": [ 0, 1 ]
  }
}
