{
  "Area": {
    "Area_name": "Open_Sea",
    "height": 2000.0,
    "length": 2000.0,
    "cols": 24,
    "rows": 24,
    "ship": {
      "coord": [ 12, 12 ],
      "dim_col": 4,
      "dim_row": 4
    }
  },

  "Agents": {
    "coord": [
      [ 200.00, 100.00, 0.0 ],
      [ 1500.00, 100.00, 0.0 ],
      [ 1900.00, 1900.00, 0.0 ],
      [ 200.00, 1900.00, 0.0 ],
      [ 190.00, 1200.00, 0.0 ],
      [ 400.00, 500.00, 0.0 ],
      [ 1900.00, 300.00, 0.0 ],
      [ 500.00, 1500.00, 0.0 ],
      [ 1900.00, 190.00, 0.0 ],
      [ 900, 400.00, 0.0 ]
    ],
    "sensors": [
      [ 583.33334, 83.33334, 3.14, 1.57 ],
      [ 583.33334, 83.33334, 3.14, 1.57 ],
      [ 583.33334, 83.33334, 3.14, 1.57 ],
      [ 583.33334, 83.33334, 3.14, 1.57 ],
      [ 583.33334, 83.33334, 3.14, 1.57 ],
      [ 583.33334, 83.33334, 3.14, 1.57 ],
      [ 583.33334, 83.33334, 3.14, 1.57 ],
      [ 583.33334, 83.33334, 3.14, 1.57 ],
      [ 583.33334, 83.33334, 3.14, 1.57 ],
      [ 583.33334, 83.33334, 3.14, 1.57 ]
    ]
	},


  "Thieves": {
    "n_thieves": 1,
    "coord": [
      [ 2000.0, 2000.0, 0.0 ]
    ]
  },

  "Sinks": {
    "n_sinks": 0,
    "coord": [ ]
  },

  "NeutralAgents": {
    "coord": [ ],
    "sensors": [ ]
  },

  "Configuration": {
    "Monitor": [1, 2, 3, 4, 5, 6, 7, 8, 9, 10 ],
    "Jump": [ 1 ],
    "Epsilon": [ 0.1 ],
    "Print": [ 1000 ],
    "Period": [ 1 ],
    "TestCase": 50,
    "BatchSimulations": 1,
    "AlgorithmType": [ 1 ]
  }
}
