{
  "Area": {
    "Area_name": "Open_Sea",
    "height": 2000.0,
    "length": 2000.0,
    "cols": 24,
    "rows": 24,
    "ship": {
      "coord": [ 12, 12 ],
      "dim_col": 5,
      "dim_row": 5
    }
  },

  "Agents": {
    "coord": [
      [ 100.00, 100.00, 0.0 ],
      [ 1300.00, 100.00, 0.0 ],
      [ 1500.00, 100.00, 0.0 ],
      [ 2000.00, 100.00, 0.0 ],
      [ 1000.00, 2000.00, 0.0 ],
      [ 750.00, 100.00, 0.0 ],
      [ 1000.00, 1700.00, 0.0]

    ],
    "sensors": [
      [ 583.33334, 83.33334, 3.14, 1.57 ],
      [ 583.33334, 83.33334, 3.14, 1.57 ],
      [ 583.33334, 83.33334, 3.14, 1.57 ],
      [ 583.33334, 83.33334, 3.14, 1.57 ],
      [ 583.33334, 83.33334, 3.14, 1.57 ],
      [ 583.33334, 83.33334, 3.14, 1.57 ],
      [ 583.33334, 83.33334, 3.14, 1.57 ]
    ]
	},

  "Thieves": {
    "n_thieves": 1,
    "coord": [
      [ 2000.0, 2000.0, 0.0 ]
    ]
  },

  "Sinks": {
    "n_sinks": 0,
    "coord": [ ]
  },

  "NeutralAgents": {
    "coord": [ ],
    "sensors": [ ]
  },

  "Configuration": {
    "Monitor": [ 1 ],
    "Jump": [ 1 ],
    "Epsilon": [ 0.1 ],
    "Print": [ 500 ],
    "Period": [ 1 ],
    "TestCase": 1,
    "BatchSimulations": 0,
    "AlgorithmType": [ 1 ],
    "ProbabilityOfDetection": [ "y" ]
  }

}
