{
  "Area": {
    "Area_name": "Open_Sea",
    "height": 2833.0,
    "length": 2833.0,
    "cols": 34,
    "rows": 34,
    "ship": {
      "coord": [ 17, 17 ],
      "dim_col": 4,
      "dim_row": 4
    }
  },

"Agents": {
    "coord": [
      [ 2000.00, 100.00, 0.0 ],
      [ 1500.00, 2100.00, 0.0 ],
      [ 1900.00, 2000.00, 0.0 ],
      [ 200.00, 1900.00, 0.0 ],
      [ 190.00, 1200.00, 0.0 ],
      [ 40.00, 400.00, 0.0 ],
      [ 190.00, 100.00, 0.0 ],
      [ 2000.00, 1500.00, 0.0 ],
      [ 1900.00, 2000.00, 0.0 ],
      [ 900, 110.00, 0.0 ],
      [ 1000.00, 100.00, 0.0 ],
      [ 1800.00, 100.00, 0.0 ],
      [ 2000.00, 2000.00, 0.0 ],
      [ 2000.00, 100.00, 0.0 ],
      [ 1600.00, 1900.00, 0.0 ],
      [ 1400.00, 1800.00, 0.0 ],
      [ 1850.00, 300.00, 0.0 ],
      [ 450.00, 1980.00, 0.0 ],
      [ 1900.00, 1000.00, 0.0 ],
      [ 1800, 1800.00, 0.0 ]
    ],
    "sensors": [
      [ 583.33334, 83.33334, 3.14, 1.57 ],
      [ 583.33334, 83.33334, 3.14, 1.57 ],
      [ 583.33334, 83.33334, 3.14, 1.57 ],
      [ 583.33334, 83.33334, 3.14, 1.57 ],
      [ 583.33334, 83.33334, 3.14, 1.57 ],
      [ 583.33334, 83.33334, 3.14, 1.57 ],
      [ 583.33334, 83.33334, 3.14, 1.57 ],
      [ 583.33334, 83.33334, 3.14, 1.57 ],
      [ 583.33334, 83.33334, 3.14, 1.57 ],
      [ 583.33334, 83.33334, 3.14, 1.57 ],
      [ 583.33334, 83.33334, 3.14, 1.57 ],
      [ 583.33334, 83.33334, 3.14, 1.57 ],
      [ 583.33334, 83.33334, 3.14, 1.57 ],
      [ 583.33334, 83.33334, 3.14, 1.57 ],
      [ 583.33334, 83.33334, 3.14, 1.57 ],
      [ 583.33334, 83.33334, 3.14, 1.57 ],
      [ 583.33334, 83.33334, 3.14, 1.57 ],
      [ 583.33334, 83.33334, 3.14, 1.57 ],
      [ 583.33334, 83.33334, 3.14, 1.57 ],
      [ 583.33334, 83.33334, 3.14, 1.57 ]
    ]
	},

  "Thieves": {
    "n_thieves": 1,
    "coord": [
      [ 100.0, 1000.0, 0.0 ]
    ]
  },

  "Sinks": {
    "n_sinks": 0,
    "coord": [ ]
  },

  "NeutralAgents": {
    "coord": [ ],
    "sensors": [ ]
  },

  "Configuration": {
    "Monitor": [1],
    "Jump": [ 1 ],
    "Epsilon": [ 0.1 ],
    "Print": [ 1000 ],
    "Period": [ 1 ],
    "TestCase": 50,
    "BatchSimulations": 0,
    "AlgorithmType": [ 0, 1 ]
  }
}
