{
  "Area": {
    "Area_name": "Open_Sea",
    "coord": [
      [ 487.80487805, -798.47909066 ],
      [ 9287.80487805, -798.47909066 ],
      [ 9287.80487805, -8193.91635305 ],
      [ 487.80487805, -8193.91635305 ]
    ],
    "height": 13200.0,
    "length": 13200.0,
    "cols": 30,
    "rows": 30,
    "ship": {
      "coord": [ 15, 15 ],
      "dim_col": 2,
      "dim_row": 2
    }
  },

  "Agents": {
    "coord": [
      [ 10.00, 5000.00, 3.14],
      [ 8000.00, 8000.00, 1.57],
      [ 8000.00, 3000.00, 0.0 ],
      [ 5000.00, 11000.00, 5.49]
    ],
    "sensors": [
      [ 3520.0652804, 880.007040, 3.14, 1.57],
      [ 3520.0652804, 880.007040, 1.57, 1.57],
      [ 3520.0652804, 880.007040, 0.0, 1.57],
      [ 3520.0652804, 880.007040, 5.49, 1.57]
    ]
	},


  "Thieves": {
    "n_thieves": 4,
    "coord": [
      [ 1000.00, 1000.00, 0.0 ],
      [ 12000.00, 12000.00, 0.0 ],
      [ 1000.00, 12000.00, 0.0 ],
      [ 12000.00, 1000.00, 0.0 ]
    ]
  },

  "Sinks": {
    "n_sinks": 0,
    "coord": [ ]
  },

  "NeutralAgents": {
    "coord": [ ],
    "sensors": [ ]
  },

  "Configuration": {
    "Monitor": [ 5 ],
    "Jump": [ 1 ],
    "Epsilon": [ 0.1 ],
    "Print": [ 5000 ],
    "Period": [ 1 ],
    "TestCase": 50
  }

}
