{
  "Area": {
    "Area_name": "Open_Sea",
    "height": 2000.0,
    "length": 2000.0,
    "cols": 24,
    "rows": 24,
    "ship": {
      "coord": [ 12, 12 ],
      "dim_col": 4,
      "dim_row": 4
    }
  },

  "Agents": {
    "coord": [
      [ 1500.00, 1700.00, 0.0 ],
      [ 1500.00, 1700.00, 0.0 ],
      [ 1250.00, 1900.00, 0.0 ],
      [ 1050.00, 1500.00, 0.0 ],
      [ 1950.00, 1900.00, 0.0 ]
    ],
    "sensors": [
      [ 583.33334, 83.33334, 3.14, 1.57 ],
      [ 583.33334, 83.33334, 3.14, 1.57 ],
      [ 583.33334, 83.33334, 3.14, 1.57 ],
      [ 583.33334, 83.33334, 3.14, 1.57 ],
      [ 583.33334, 83.33334, 3.14, 1.57 ]
    ]
	},

  "Thieves": {
    "n_thieves": 1,
    "coord": [
      [ 1500.0, 1500.0, 0.0 ]
    ]
  },

  "Sinks": {
    "n_sinks": 0,
    "coord": [ ]
  },

  "NeutralAgents": {
    "coord": [ ],
    "sensors": [ ]
  },

  "Configuration": {
    "Monitor": [ 0 ],
    "Jump": [ 1 ],
    "Epsilon": [ 0.1 ],
    "Print": [ 25],
    "Period": [ 1 ],
    "TestCase": 7,
    "BatchSimulations": 0,
    "AlgorithmType": [ 0 ],
    "ProbabilityOfDetection": [ "y" ]
  }

}
