{
  "Area": {
    "Area_name": "Open_Sea",
    "height": 2000.0,
    "length": 2000.0,
    "cols": 24,
    "rows": 24,
    "ship": {
      "coord": [ 12, 12 ],
      "dim_col": 2,
      "dim_row": 2
    }
  },

  "Agents": {
    "coord": [
      [ 100.00, 200.00, 0.0 ],
      [ 100.00, 600.00, 0.0 ],
      [ 1300.00, 200.00, 0.0 ],
      [ 1200.00, 1300.00, 0.0 ],
      [ 600.00, 140.00, 0.0]

    ],
    "sensors": [
      [ 583.33334, 83.33334, 3.14, 1.57 ],
      [ 583.33334, 83.33334, 3.14, 1.57 ],
      [ 583.33334, 83.33334, 3.14, 1.57 ],
      [ 583.33334, 83.33334, 3.14, 1.57 ],
      [ 583.33334, 83.33334, 3.14, 1.57 ]
    ]
	},


  "Thieves": {
    "n_thieves": 1,
    "coord": [
      [ 2000.0, 2000.0, 0.0 ]
    ]
  },

  "Sinks": {
    "n_sinks": 0,
    "coord": [ ]
  },

  "NeutralAgents": {
    "coord": [ ],
    "sensors": [ ]
  },

  "Configuration": {
    "Monitor": [ 5 ],
    "Jump": [ 1 ],
    "Epsilon": [ 0.1 ],
    "Print": [ 5000 ],
    "Period": [ 1 ],
    "TestCase": 50
  }

}
