{
  "Area": {
    "Area_name": "Open_Sea",
    "height": 3500.00,
    "length": 3500.00,
    "cols": 34,
    "rows": 34,
    "ship": {
      "coord": [ 17, 17 ],
      "dim_col": 4,
      "dim_row": 4
    }
  },

  "Agents": {
    "coord": [
      [ 3100.00, 805.00, 0.0 ],
      [ 500.00, 780.00, 1.57 ],
      [ 2600.00, 1000.00, 0.0 ],
      [ 400.00, 600.00, 0.0 ],
      [ 2200.00, 400.00, 0.0 ],
      [ 500.00, 3390, 0.0 ]
    ],
    "sensors": [

      [ 800.33334, 83.33334, 3.14, 1.57 ],
      [ 800.33334, 83.33334, 3.14, 1.57 ],
      [ 800.33334, 83.33334, 3.14, 1.57 ],
      [ 800.33334, 83.33334, 3.14, 1.57 ],
      [ 800.33334, 83.33334, 3.14, 1.57 ],
      [ 800.33334, 83.33334, 3.14, 1.57 ]
    ]
	},

  "Thieves": {
    "n_thieves": 1,
    "coord": [
      [ 3000.0, 2800.0, 0.0 ]
    ]
  },

  "Sinks": {
    "n_sinks": 0,
    "coord": [ ]
  },

  "NeutralAgents": {
    "coord": [ ],
    "sensors": [ ]
  },

  "Configuration": {
    "Monitor": [10],
    "Jump": [ 1 ],
    "Epsilon": [ 0.1 ],
    "Print": [10000],
    "Period": [ 1 ],
    "TestCase": 1,
    "BatchSimulations": 0,
    "AlgorithmType": [ 0, 1 ]
  }
}
