{
  "Area": {
    "Area_name": "Open_Sea",
    "coord": [
      [ 487.80487805, -798.47909066 ],
      [ 9287.80487805, -798.47909066 ],
      [ 9287.80487805, -8193.91635305 ],
      [ 487.80487805, -8193.91635305 ]
    ],
    "height": 13200.0,
    "length": 13200.0,
    "cols": 30,
    "rows": 30,
    "ship": {
      "coord": [ 15, 15 ],
      "dim_col": 2,
      "dim_row": 2
    }
  },

  "Agents": {
    "coord": [
      [ 1000.50, 1000.50, 0.0 ],
      [ 3366.83, 1000.50, 0.0 ],
      [ 8000.15, 7283.27, 0.0 ],
      [ 5901.46, 4401.14, 0.0 ],
      [ 12221.95, 11158.75, 0.0]
    ],
    "sensors": [
      [ 1966.0652804, 408.887040, 0.0, 3.14159 ],
      [ 1966.0652804, 408.887040, 0.0, 3.14159 ],
      [ 1966.0652804, 408.887040, 0.0, 3.14159 ],
      [ 1966.0652804, 408.887040, 0.0, 3.14159 ],
      [ 1966.0652804, 408.887040, 0.0, 3.14159 ]
       ] 
	},


  "Thieves": {
    "n_thieves": 1,
    "coord": [
      [ 7278.05, 2623.57, 0.0 ]
    ]
  },

  "Sinks": {
    "n_sinks": 0,
    "coord": [ ]
  },

  "NeutralAgents": {
    "coord": [ ],
    "sensors": [ ]
  },

  "Configuration": {
    "Monitor": [ 1, 2, 3, 4, 5, 6, 7, 8, 9, 10 ],
    "Jump": [ 1 ],
    "Epsilon": [ 0.1 ],
    "Print": [ 5000 ],
    "Period": [ 1 ],
    "TestCase": 50
  }

}
